{
  "total_sequences_analyzed": 64036,
  "total_layers": 28,
  "sparsity_thresholds": [
    0.1,
    0.2,
    0.5,
    0.8,
    0.9,
    0.95,
    0.99
  ],
  "context_window": 32,
  "consistency_metrics": {
    "layer_0_heavy_hitter_concentration": 0.24751807919697433,
    "layer_1_heavy_hitter_concentration": 0.24873486461747144,
    "layer_2_heavy_hitter_concentration": 0.23609220588072552,
    "layer_3_heavy_hitter_concentration": 0.2305162827389845,
    "layer_4_heavy_hitter_concentration": 0.2147101926989713,
    "layer_5_heavy_hitter_concentration": 0.22219113069350446,
    "layer_6_heavy_hitter_concentration": 0.23345891149084935,
    "layer_7_heavy_hitter_concentration": 0.2288341783378469,
    "layer_8_heavy_hitter_concentration": 0.23880928930562076,
    "layer_9_heavy_hitter_concentration": 0.243626368356623,
    "layer_10_heavy_hitter_concentration": 0.25783835883102174,
    "layer_11_heavy_hitter_concentration": 0.2651290588278072,
    "layer_12_heavy_hitter_concentration": 0.2711081178927532,
    "layer_13_heavy_hitter_concentration": 0.27988594151736146,
    "layer_14_heavy_hitter_concentration": 0.2734663312997366,
    "layer_15_heavy_hitter_concentration": 0.25614887677900194,
    "layer_16_heavy_hitter_concentration": 0.24143046326904766,
    "layer_17_heavy_hitter_concentration": 0.24335813804954937,
    "layer_18_heavy_hitter_concentration": 0.23900743192931367,
    "layer_19_heavy_hitter_concentration": 0.26089744907181245,
    "layer_20_heavy_hitter_concentration": 0.2599130596541041,
    "layer_21_heavy_hitter_concentration": 0.26245518735807905,
    "layer_22_heavy_hitter_concentration": 0.28045085878491144,
    "layer_23_heavy_hitter_concentration": 0.33115218354752235,
    "layer_24_heavy_hitter_concentration": 0.408749788551256,
    "layer_25_heavy_hitter_concentration": 0.5366397856687024,
    "layer_26_heavy_hitter_concentration": 0.6223438480667657,
    "layer_27_heavy_hitter_concentration": 0.5683868713648601,
    "mean_context_overlap": 0.052680407326073334,
    "std_context_overlap": 0.005523971556348478
  }
}