{
  "total_sequences_analyzed": 36592,
  "total_layers": 16,
  "sparsity_thresholds": [
    0.1,
    0.2,
    0.5,
    0.8,
    0.9,
    0.95,
    0.99
  ],
  "context_window": 32,
  "consistency_metrics": {
    "layer_0_heavy_hitter_concentration": 0.28764301444491347,
    "layer_1_heavy_hitter_concentration": 0.26758001984588087,
    "layer_2_heavy_hitter_concentration": 0.2492908233089502,
    "layer_3_heavy_hitter_concentration": 0.23655857881149206,
    "layer_4_heavy_hitter_concentration": 0.24199748843684968,
    "layer_5_heavy_hitter_concentration": 0.27164510548196347,
    "layer_6_heavy_hitter_concentration": 0.28624969237830694,
    "layer_7_heavy_hitter_concentration": 0.3051159266092369,
    "layer_8_heavy_hitter_concentration": 0.29278576408485774,
    "layer_9_heavy_hitter_concentration": 0.29929179821281676,
    "layer_10_heavy_hitter_concentration": 0.27972099832263836,
    "layer_11_heavy_hitter_concentration": 0.28360533151210754,
    "layer_12_heavy_hitter_concentration": 0.3195107774305012,
    "layer_13_heavy_hitter_concentration": 0.31951920903150943,
    "layer_14_heavy_hitter_concentration": 0.40493080026960043,
    "layer_15_heavy_hitter_concentration": 0.5334573832631666,
    "mean_context_overlap": 0.05262602819239267,
    "std_context_overlap": 0.005512978210303243
  }
}